model,train_accuracy,val_accuracy,val_precision,val_recall,val_f1,test_accuracy,test_precision,test_recall,test_f1
logistic_regression,0.5907441016333939,0.5149863760217984,0.5255813953488372,0.5978835978835979,0.5594059405940595,0.46195652173913043,0.43103448275862066,0.13157894736842105,0.20161290322580644
random_forest,0.9990925589836661,0.5367847411444142,0.5502645502645502,0.5502645502645502,0.5502645502645502,0.45652173913043476,0.46875,0.39473684210526316,0.42857142857142855
gradient_boosting,1.0,0.5449591280653951,0.5632183908045977,0.5185185185185185,0.5399449035812672,0.5081521739130435,0.5319148936170213,0.39473684210526316,0.45317220543806647
xgboost,1.0,0.5258855585831063,0.5423728813559322,0.5079365079365079,0.5245901639344263,0.5163043478260869,0.546875,0.3684210526315789,0.44025157232704404
lightgbm,1.0,0.5231607629427792,0.5393258426966292,0.5079365079365079,0.5231607629427792,0.532608695652174,0.5592105263157895,0.4473684210526316,0.49707602339181284
