Model,Accuracy,Precision,Recall,F1
lightgbm,0.532608695652174,0.5592105263157895,0.4473684210526316,0.49707602339181284
gradient_boosting,0.5081521739130435,0.5319148936170213,0.39473684210526316,0.45317220543806647
xgboost,0.5163043478260869,0.546875,0.3684210526315789,0.44025157232704404
random_forest,0.45652173913043476,0.46875,0.39473684210526316,0.42857142857142855
logistic_regression,0.46195652173913043,0.43103448275862066,0.13157894736842105,0.20161290322580644
